Model,Accuracy,MCC
SVM,0.6435143288084465,0.22003268328100845
XGBoost,0.6219457013574661,0.1897435391093972
LightGBM,0.6106083459024635,0.18940253085994144
RandomForest,0.6104575163398693,0.18923076778100714
Gradient Boosting (GBM),0.5993966817496229,0.170242275001963
CatBoost,0.5963046757164404,0.1433845890222318
LogisticRegression,0.5261186525892408,0.01419758010494783
